,id,RA,Dec,x,y,fwhm,area,stel,ell,theta,nf5sig,nfobs,f435w_mag,f435w_magerr,f435w_flux,f435w_fluxerr,f435w_fluxnJy,f435w_fluxnJyerr,f435w_sig,f606w_mag,f606w_magerr,f606w_flux,f606w_fluxerr,f606w_fluxnJy,f606w_fluxnJyerr,f606w_sig,f814w_mag,f814w_magerr,f814w_flux,f814w_fluxerr,f814w_fluxnJy,f814w_fluxnJyerr,f814w_sig,f105w_mag,f105w_magerr,f105w_flux,f105w_fluxerr,f105w_fluxnJy,f105w_fluxnJyerr,f105w_sig,f125w_mag,f125w_magerr,f125w_flux,f125w_fluxerr,f125w_fluxnJy,f125w_fluxnJyerr,f125w_sig,f140w_mag,f140w_magerr,f140w_flux,f140w_fluxerr,f140w_fluxnJy,f140w_fluxnJyerr,f140w_sig,f160w_mag,f160w_magerr,f160w_flux,f160w_fluxerr,f160w_fluxnJy,f160w_fluxnJyerr,f160w_sig,bright_mag,bright_magerr,zb,zbmin,zbmax,tb,odds,chisq,chisq2,M0,zml,tml
628,629,110.8405974,-73.4510474,2378.54,2689.307,0.97,473,0.03,0.754,71.5,7,7,24.0045,0.0781,4.6127,0.3443,908.2579,67.7841,13.4,23.5721,0.0286,14.8251,0.396,1352.5388,36.129,37.44,23.1519,0.0272,13.102,0.3327,1991.709,50.5756,39.38,22.4993,0.0174,32.198,0.5199,3633.0358,58.6594,61.93,22.3265,0.0248,36.4356,0.8418,4259.9765,98.4261,43.28,22.2839,0.0196,46.4962,0.8469,4430.5609,80.6958,54.9,22.1628,0.0122,32.6131,0.3672,4953.0154,55.7598,88.83,22.1751,27.0342,1.222,1.155,1.343,8.4,0.913,1.424,0.128,23.152,1.22,8.4
629,630,110.8411064,-73.4515547,2369.844,2658.87,0.605,22,0.0,0.522,72.6,1,7,99.0,28.4071,-0.049,0.08,-9.6473,15.7449,-0.61,29.0534,0.7518,0.0952,0.095,8.6821,8.6702,1.0,27.8994,0.418,0.1653,0.0776,25.132,11.8015,2.13,27.405,0.2951,0.3512,0.1097,39.6293,12.3755,3.2,26.5346,0.2381,0.7556,0.1852,88.3375,21.6586,4.08,26.8099,0.2451,0.7195,0.1822,68.557,17.3601,3.95,26.572,0.1393,0.562,0.0769,85.3521,11.6846,7.3,26.7318,28.731,1.002,0.436,5.3,6.3,0.142,0.276,0.405,27.899,0.85,6.0
635,636,110.8385802,-73.4509557,2413.012,2694.813,0.651,227,0.02,0.172,-64.7,7,7,24.6261,0.0961,2.6021,0.2409,512.3572,47.431,10.8,24.269,0.0366,7.8026,0.2676,711.8556,24.4184,29.15,24.0892,0.0424,5.5261,0.2203,840.0584,33.4906,25.08,23.6593,0.0331,11.0617,0.3422,1248.1427,38.6084,32.33,23.6117,0.0527,11.1542,0.5544,1304.1276,64.8232,20.12,23.6232,0.0433,13.5419,0.5511,1290.3902,52.5131,24.57,23.5601,0.0279,9.0049,0.2348,1367.5879,35.6567,38.35,23.5888,27.5196,0.047,0.014,1.134,7.7,0.751,1.579,0.547,24.089,0.01,7.6
652,653,110.8227296,-73.4518035,2683.892,2643.933,2.492,130,0.0,0.357,-72.3,6,7,99.0,27.154,-0.2704,0.2536,-53.2419,49.936,-1.07,25.6406,0.1188,2.2059,0.255,201.253,23.2632,8.65,25.7942,0.1779,1.1493,0.2047,174.7118,31.1135,5.62,24.9811,0.0958,3.2742,0.3019,369.4433,34.069,10.84,24.6987,0.1242,4.0987,0.4968,479.2133,58.0795,8.25,24.6719,0.0984,5.1547,0.4893,491.1887,46.6203,10.54,24.5117,0.0584,3.7485,0.2073,569.2943,31.4766,18.09,24.5734,27.655,1.553,0.208,3.206,8.5,0.293,2.003,1.543,25.794,1.56,8.5
653,654,110.8236935,-73.4518167,2667.42,2643.144,1.817,614,0.03,0.684,-71.1,7,7,23.7295,0.0777,5.942,0.4406,1169.985,86.7461,13.49,23.3212,0.0263,18.6788,0.4579,1704.1295,41.7717,40.8,22.949,0.0248,15.7948,0.3649,2401.0582,55.4755,43.28,22.2899,0.016,39.0478,0.5805,4405.9277,65.502,67.26,22.1408,0.023,43.2319,0.9251,5054.5918,108.1665,46.73,22.0884,0.0182,55.6649,0.9416,5304.237,89.7225,59.12,22.0248,0.0117,37.0334,0.401,5624.3346,60.8947,92.36,22.0366,26.9386,1.258,1.172,1.359,8.6,0.941,1.879,0.227,22.949,1.26,8.6
654,655,110.8230243,-73.4522383,2678.852,2617.846,1.484,265,0.03,0.458,-57.7,7,7,23.5634,0.0412,6.9244,0.268,1363.429,52.7637,25.84,23.3524,0.0162,18.1512,0.2729,1655.9895,24.8945,66.52,23.1929,0.019,12.6165,0.2227,1917.9144,33.8475,56.66,22.8568,0.017,23.1647,0.3655,2613.7731,41.2429,63.38,22.7619,0.0253,24.3976,0.5748,2852.5146,67.2078,42.44,22.6817,0.0197,32.2314,0.5906,3071.2861,56.2752,54.58,22.6648,0.0135,20.5403,0.2562,3119.4931,38.9115,80.17,22.6784,27.4248,1.125,1.097,1.281,9.8,0.879,2.587,0.368,23.193,1.13,9.8
655,656,110.8222252,-73.4526676,2692.502,2592.085,2.014,842,0.03,0.704,-58.4,7,7,23.6471,0.0828,6.4108,0.5081,1262.2949,100.0519,12.62,23.1097,0.025,22.6979,0.5286,2070.8051,48.2266,42.94,22.6615,0.0214,20.5831,0.4095,3128.9581,62.254,50.26,22.0353,0.0145,49.3655,0.6624,5570.1175,74.7441,74.52,21.8545,0.0204,56.275,1.0685,6579.5635,124.9225,52.67,21.835,0.0164,70.298,1.0694,6698.6099,101.9034,65.73,21.7594,0.0105,47.2882,0.4607,7181.7544,69.9732,102.64,21.7701,26.7877,1.117,1.071,1.262,8.3,0.743,3.216,0.31,22.662,1.12,8.3
672,673,110.8356328,-73.4517295,2463.386,2648.388,0.493,26,0.26,0.462,72.7,6,7,26.0342,0.1405,0.7113,0.0983,140.0613,19.3528,7.24,26.0291,0.075,1.5424,0.1102,140.7173,10.0583,13.99,26.3031,0.1307,0.7192,0.092,109.3349,13.987,7.82,26.1434,0.1281,1.1226,0.1406,126.6657,15.8677,7.98,26.2006,0.2161,1.0278,0.2263,120.1626,26.4619,4.54,26.156,0.1736,1.3138,0.2277,125.1933,21.7008,5.77,26.2423,0.1252,0.7614,0.0931,115.6328,14.1361,8.18,26.1097,28.8937,1.674,1.146,2.802,10.6,0.325,0.201,0.31,26.303,1.81,10.7
678,679,110.8344704,-73.4518211,2483.25,2642.895,0.26,29,0.9,0.046,-58.5,4,7,28.8993,1.1196,0.0508,0.0917,10.0061,18.0547,0.55,27.6519,0.2857,0.346,0.1041,31.5666,9.5007,3.32,26.3277,0.1265,0.7031,0.0869,106.8866,13.2133,8.09,26.4044,0.1432,0.8827,0.1244,99.5962,14.0381,7.09,26.3842,0.2288,0.8679,0.2036,101.4697,23.8081,4.26,26.031,0.1419,1.4742,0.2058,140.4776,19.6071,7.16,26.0206,0.0952,0.9339,0.0856,141.8256,13.001,10.91,26.125,28.6151,4.357,0.332,4.726,8.6,0.347,0.438,0.499,26.328,4.35,8.6
689,690,110.8248283,-73.4521975,2648.025,2620.3,0.704,134,0.0,0.223,20.3,6,7,25.5953,0.2254,1.0656,0.2459,209.8266,48.4169,4.33,26.198,0.1751,1.3203,0.231,120.4534,21.0747,5.72,25.0092,0.0872,2.3683,0.1981,360.0151,30.1213,11.95,24.8113,0.0778,3.8287,0.2843,432.0035,32.078,13.47,24.9337,0.1418,3.301,0.4605,385.9478,53.8387,7.17,24.6584,0.0918,5.219,0.4605,497.3076,43.8763,11.33,24.5229,0.0553,3.7099,0.194,563.4322,29.4649,19.12,24.5812,27.7267,0.848,0.545,1.12,8.3,0.434,1.991,1.669,25.009,0.86,8.4
691,692,110.8372509,-73.4524036,2435.737,2607.939,0.409,230,0.03,0.08,-15.0,6,7,26.1612,0.3669,0.6328,0.2544,124.5999,50.1008,2.49,24.7593,0.0637,4.9672,0.3002,453.1768,27.3861,16.55,23.9628,0.0412,6.2084,0.2402,943.7752,36.5191,25.84,23.6599,0.0353,11.0559,0.3656,1247.4833,41.2494,30.24,23.4023,0.0471,13.5272,0.5991,1581.5726,70.0498,22.58,23.4121,0.0386,16.4487,0.595,1567.379,56.6924,27.65,23.3434,0.0248,10.994,0.2538,1669.6849,38.5496,43.31,23.3688,27.435,0.697,0.151,0.846,7.6,0.344,0.463,0.409,23.963,0.24,4.0
699,700,110.8391679,-73.4524304,2402.978,2606.333,0.26,19,0.67,0.233,18.8,3,7,26.8523,0.2497,0.3348,0.0866,65.9288,17.0466,3.87,27.433,0.2317,0.4233,0.1007,38.6195,9.1867,4.2,26.4272,0.1362,0.6415,0.0858,97.5216,13.0362,7.48,26.4756,0.1596,0.8266,0.1309,93.2697,14.7733,6.31,26.4324,0.2484,0.8302,0.2134,97.0598,24.9491,3.89,26.5026,0.2117,0.9548,0.2056,90.9828,19.591,4.64,26.7265,0.1823,0.4875,0.0891,74.0317,13.5347,5.47,26.583,28.6121,0.909,0.423,1.095,9.9,0.411,0.79,0.887,26.427,0.91,9.9
701,702,110.8386308,-73.4526933,2412.157,2590.558,0.331,453,0.03,0.132,-38.2,6,7,25.8734,0.367,0.8249,0.3318,162.4185,65.3252,2.49,23.5222,0.027,15.5228,0.391,1416.1974,35.6739,39.7,22.5977,0.0159,21.8288,0.3216,3318.3315,48.8833,67.88,22.1757,0.0134,43.3803,0.5368,4894.789,60.5685,80.81,21.9421,0.0178,51.9132,0.8557,6069.5884,100.0473,60.67,21.8203,0.0134,71.2595,0.8864,6790.2247,84.4678,80.39,21.7202,0.0087,49.03,0.3931,7446.2833,59.6934,124.74,21.7289,26.9602,0.382,0.286,0.425,3.6,0.838,0.599,0.042,22.598,0.4,4.0
718,719,110.8354266,-73.4530012,2466.913,2572.088,0.221,209,0.98,0.033,-75.6,7,7,25.2589,0.1718,1.4527,0.2491,286.0469,49.047,5.83,23.3611,0.0181,18.0049,0.3033,1642.6482,27.6676,59.37,22.1903,0.0088,31.7694,0.2574,4829.4541,39.1343,123.41,21.958,0.0098,53.0083,0.48,5981.1577,54.1551,110.45,22.0069,0.0195,48.9059,0.8859,5717.9837,103.5719,55.21,21.8118,0.0117,71.8192,0.7777,6843.5644,74.1068,92.35,21.7938,0.0085,45.8153,0.3584,6958.05,54.4298,127.84,21.8023,27.0604,4.369,4.32,4.416,8.6,1.0,6.927,0.383,22.19,4.37,8.6
720,721,110.8365235,-73.4529932,2448.168,2572.565,0.546,51,0.0,0.448,81.1,5,7,26.9847,0.4074,0.2964,0.135,58.3616,26.5763,2.2,25.719,0.0807,2.0524,0.1584,187.2468,14.4538,12.95,26.4746,0.2,0.6141,0.1242,93.3577,18.883,4.94,25.7637,0.1245,1.5925,0.1935,179.6839,21.828,8.23,25.3331,0.1419,2.2851,0.319,267.1645,37.2996,7.16,25.7613,0.1675,1.8899,0.3153,180.0863,30.0416,5.99,25.7572,0.1138,1.1902,0.1315,180.7617,19.9696,9.05,25.4963,27.4707,1.633,0.058,3.57,10.0,0.345,4.414,4.323,26.475,1.64,10.0
723,724,110.8265967,-73.4530341,2617.798,2570.108,0.421,160,0.02,0.07,55.5,6,7,26.8699,0.5836,0.3294,0.2345,64.8686,46.1724,1.4,25.5173,0.0954,2.4712,0.227,225.458,20.7144,10.88,24.4977,0.055,3.7935,0.1973,576.6746,29.9883,19.23,24.1208,0.0431,7.232,0.2927,816.0167,33.0307,24.7,23.9132,0.0593,8.4494,0.4746,987.8912,55.4922,17.8,23.8369,0.0456,11.1229,0.4775,1059.8863,45.498,23.3,23.8204,0.0305,7.0855,0.2017,1076.0948,30.6393,35.12,23.8517,27.6843,0.815,0.275,0.967,7.5,0.581,0.621,0.387,24.498,0.33,4.0
724,725,110.8404555,-73.4533044,2380.981,2553.888,0.209,675,0.99,0.056,-28.4,7,7,21.3336,0.0087,53.9912,0.433,10630.9791,85.2646,124.68,20.6585,0.0029,216.9908,0.5833,19796.7849,53.2165,372.0,20.3232,0.0027,177.3528,0.4438,26960.477,67.4583,399.66,20.3975,0.0043,223.1378,0.8764,25177.5976,98.8851,254.61,20.519,0.0082,192.5437,1.4511,22511.829,169.6574,132.69,20.4458,0.0064,252.7088,1.5025,24080.3068,143.1705,168.19,20.2824,0.0034,184.3201,0.5855,27993.0389,88.9181,314.82,20.2858,26.5275,0.304,0.286,0.328,9.4,0.985,6.113,2.533,20.323,3.31,9.8
736,737,110.8377986,-73.4536001,2426.382,2536.149,0.295,899,0.14,0.189,-28.3,6,7,25.4126,0.3545,1.261,0.4869,248.2896,95.8744,2.59,22.4458,0.0138,41.8355,0.535,3816.7916,48.8106,78.2,21.518,0.0085,59.0086,0.4612,8970.2583,70.109,127.95,21.1254,0.0074,114.1314,0.7795,12877.9405,87.9587,146.41,20.8904,0.0099,136.7634,1.2497,15990.1112,146.1066,109.44,20.7622,0.0074,188.8378,1.2969,17994.1197,123.583,145.6,20.6495,0.0048,131.4432,0.5785,19962.5353,87.8621,227.2,20.6543,26.5405,0.397,0.309,0.433,3.8,0.896,4.043,0.085,21.518,4.14,7.1
741,742,110.8358169,-73.4533508,2460.243,2551.11,0.542,15,0.0,0.109,-4.6,0,7,99.0,28.4479,-0.0983,0.077,-19.352,15.1651,-1.28,28.2449,0.3789,0.2004,0.0837,18.2832,7.6357,2.39,27.3739,0.2638,0.2682,0.0738,40.7783,11.2153,3.64,27.499,0.3018,0.3221,0.1032,36.3425,11.644,3.12,27.2939,0.4061,0.3754,0.1703,43.8963,19.9102,2.2,27.5563,0.411,0.3618,0.1665,34.4746,15.8653,2.17,27.0972,0.2037,0.3465,0.0715,52.6166,10.8558,4.85,27.3481,28.8108,0.619,0.221,4.687,8.5,0.085,0.14,0.422,27.374,3.96,9.0
754,755,110.8217895,-73.4541352,2699.93,2504.026,3.826,953,0.0,0.491,-12.1,7,7,24.5722,0.1882,2.7346,0.5174,538.44,101.8863,5.28,23.9914,0.0554,10.076,0.5275,919.2656,48.1287,19.1,23.1859,0.0356,12.6986,0.4231,1930.3845,64.3159,30.01,22.8282,0.0311,23.7832,0.6918,2683.5593,78.0559,34.38,22.5888,0.042,28.6158,1.1297,3345.7022,132.0769,25.33,22.3192,0.0271,45.0057,1.1356,4288.5373,108.2095,39.63,22.2564,0.0173,29.9192,0.48,4543.8894,72.9044,62.33,22.274,26.7431,0.483,0.233,0.695,6.6,0.376,1.845,0.435,23.186,0.49,6.6
755,756,110.8315744,-73.4551439,2532.735,2443.525,3.461,3207,0.0,0.194,-41.4,7,7,22.6681,0.0675,15.7939,1.0123,3109.859,199.3262,15.6,22.331,0.0244,46.501,1.0565,4242.4401,96.3894,44.01,21.7415,0.0167,48.0316,0.7431,7301.5699,112.9606,64.64,21.199,0.0125,106.65,1.2343,12033.7783,139.2736,86.4,21.0146,0.0178,121.9726,2.012,14260.7986,235.2384,60.62,20.8186,0.0122,179.2671,2.0295,17082.1368,193.3879,88.33,20.6491,0.0072,131.4855,0.8735,19968.9476,132.6677,150.52,20.6563,26.0931,1.167,1.131,1.24,8.0,0.989,2.041,0.387,21.741,1.17,8.0
757,758,110.8231339,-73.4547787,2676.953,2465.419,3.853,2073,0.02,0.264,-43.7,6,7,25.1147,0.386,1.6591,0.7082,326.6832,139.4528,2.34,22.515,0.0198,39.2502,0.7224,3580.9212,65.9026,54.34,21.7697,0.0135,46.8002,0.5873,7114.3751,89.2813,79.68,21.1965,0.0101,106.892,0.9975,12061.0802,112.5487,107.16,20.972,0.0138,126.8606,1.617,14832.2909,189.0509,78.46,20.7378,0.0093,193.1218,1.6586,18402.3323,158.0487,116.43,20.6426,0.0059,132.2752,0.7204,20088.8861,109.4073,183.62,20.6485,26.3024,0.393,0.305,0.45,5.5,0.848,4.059,0.173,21.77,0.39,5.5
760,761,110.8252476,-73.4545586,2640.84,2478.633,1.205,462,0.03,0.162,5.7,7,7,24.0158,0.082,4.5651,0.3582,898.8738,70.5398,12.74,22.1551,0.007,54.6783,0.3521,4988.4788,32.1226,155.3,21.5976,0.0063,54.8389,0.3208,8336.3903,48.7664,170.95,21.1172,0.0058,114.9962,0.6187,12975.5215,69.8155,185.85,20.9604,0.0081,128.2218,0.9642,14991.4405,112.7276,132.99,20.7683,0.006,187.7834,1.0489,17893.6454,99.9466,179.03,20.6858,0.0041,127.1131,0.4776,19304.9012,72.5308,266.16,20.6899,26.7487,0.2,0.167,0.236,4.4,0.991,3.525,0.238,21.598,0.2,4.4
761,762,110.8268052,-73.4546385,2614.225,2473.842,0.508,13170,0.03,0.146,-12.5,7,7,22.3213,0.095,21.7387,1.9885,4280.4046,391.5338,10.93,19.7479,0.0042,501.9794,1.943,45797.2271,177.267,258.35,18.7435,0.0024,759.7982,1.6604,115501.5208,252.4063,457.6,18.2163,0.0019,1663.5148,2.893,187701.5277,326.4309,575.01,17.9472,0.0025,2056.9535,4.6565,240494.9235,544.423,441.74,17.7579,0.0018,3004.5696,4.899,286301.6529,466.82,613.3,17.6492,0.0011,2083.7854,2.2013,316468.4345,334.323,946.59,17.6503,25.0896,0.47,0.42,0.506,1.7,0.988,7.038,0.053,18.744,0.47,1.7
763,764,110.8427896,-73.454649,2341.108,2473.208,1.676,1046,0.03,0.84,-87.7,7,7,23.2201,0.0608,9.4993,0.547,1870.4372,107.7141,17.36,22.7597,0.0202,31.33,0.5896,2858.336,53.7882,53.14,22.3559,0.0203,27.2742,0.5158,4146.1096,78.4054,52.88,21.6871,0.0126,68.0308,0.7915,7676.2054,89.3106,85.95,21.5034,0.0178,77.7634,1.2863,9091.9443,150.3866,60.46,21.4138,0.0135,103.6166,1.3002,9873.491,123.8915,79.69,21.2958,0.0084,72.4771,0.5612,11007.2394,85.2313,129.15,21.3042,26.5735,1.244,1.181,1.351,8.2,0.95,2.215,0.076,22.356,1.24,8.3
764,765,110.8445931,-73.4566055,2310.315,2355.81,0.367,425,0.03,0.252,-0.1,6,7,26.67,0.6736,0.396,0.3404,77.9795,67.035,1.16,23.7942,0.0325,12.0833,0.367,1102.4004,33.4848,32.92,23.0211,0.0233,14.7801,0.3206,2246.8178,48.7357,46.1,22.5095,0.0171,31.897,0.5065,3599.0767,57.1515,62.97,22.2813,0.0233,37.984,0.8226,4441.01,96.1733,46.18,22.2443,0.0185,48.2217,0.8295,4594.984,79.0376,58.14,22.1177,0.0115,33.9962,0.3613,5163.061,54.8716,94.09,22.1293,27.0516,0.27,0.215,0.366,1.7,0.803,1.285,0.183,23.021,0.23,1.0
765,766,110.8450243,-73.4553745,2302.933,2429.671,0.205,3054,0.95,0.063,-24.3,7,7,22.4362,0.0459,19.5551,0.8442,3850.4429,166.2183,23.16,21.4061,0.0093,108.9951,0.9374,9943.9755,85.5242,116.27,19.1135,0.0019,540.3856,0.9479,82147.283,144.1019,570.06,17.791,0.0014,2461.2482,3.1938,277713.2253,360.3753,770.62,17.6059,0.0019,2816.9105,5.0057,329347.5969,585.2585,562.74,17.5772,0.0016,3548.8344,5.1238,338163.9637,488.2392,692.62,17.5211,0.001,2344.6365,2.1233,356084.3947,322.4766,1104.22,17.5221,25.1288,1.185,1.153,1.2,4.0,0.994,58.11,3.009,19.113,1.19,4.0
766,767,110.8418679,-73.4567,2356.874,2350.15,1.095,1880,0.03,0.155,-89.2,7,7,22.6776,0.0477,15.6574,0.7027,3082.9721,138.3706,22.28,21.6055,0.009,90.7095,0.7548,8275.7242,68.8614,120.18,21.286,0.0096,73.0647,0.6505,11107.0047,98.8854,112.32,21.0228,0.0088,125.4426,1.0188,14154.2228,114.9604,123.12,20.932,0.0134,131.6235,1.6404,15389.161,191.7884,80.24,20.8949,0.0106,167.1034,1.6444,15923.0689,156.6942,101.62,20.7948,0.0067,114.9732,0.7127,17461.2016,108.244,161.31,20.8016,26.314,0.301,0.27,0.366,7.9,0.96,1.174,0.134,21.286,0.3,7.9
767,768,110.8354564,-73.455702,2466.408,2410.04,0.202,1308,0.97,0.064,31.1,7,7,22.8382,0.051,13.5041,0.6495,2658.9934,127.8882,20.79,21.1595,0.0058,136.7834,0.7332,12479.2001,66.8932,186.55,19.9063,0.0023,260.3653,0.5603,39579.7072,85.1674,464.73,19.5387,0.003,492.1179,1.3648,55527.7766,153.9909,360.59,19.3199,0.0041,580.9814,2.2137,67927.1906,258.8204,262.45,19.3061,0.0035,721.9483,2.357,68793.5454,224.5978,306.3,19.2906,0.0022,459.4838,0.9413,69782.6779,142.9634,488.12,19.2929,26.0119,0.429,0.308,0.452,4.0,0.552,10.504,1.224,19.906,0.44,4.0
768,769,110.8401314,-73.4558252,2386.535,2402.639,0.713,3612,0.03,0.499,-71.0,7,7,21.9777,0.0334,29.8313,0.9325,5873.8384,183.6027,31.99,20.7718,0.0056,195.4983,1.0092,17835.9462,92.0767,193.71,19.9815,0.004,242.9491,0.8868,36932.1606,134.8092,273.96,19.525,0.0034,498.3633,1.543,56232.4797,174.1054,322.98,19.276,0.0046,604.9591,2.5665,70730.6195,300.067,235.72,19.1418,0.0034,839.8906,2.6055,80032.119,248.2706,322.36,18.9983,0.0021,601.462,1.1699,91345.1785,177.6792,514.1,19.0004,25.7759,0.428,0.29,0.498,6.3,0.78,0.117,0.022,19.982,0.42,6.3
769,770,110.8368347,-73.4565146,2442.861,2361.28,0.335,1080,0.03,0.302,50.6,7,7,23.6634,0.0874,6.315,0.5296,1243.4367,104.2744,11.92,22.0235,0.01,61.7203,0.5734,5630.9406,52.3142,107.64,21.0889,0.0053,87.608,0.4312,13317.8206,65.5453,203.19,20.6944,0.0054,169.749,0.8447,19153.514,95.3088,200.96,20.427,0.007,209.5568,1.3541,24500.9654,158.3171,154.76,20.2876,0.0053,292.3664,1.4272,27859.23,135.9979,204.85,20.1805,0.0035,202.4433,0.6526,30745.4422,99.1151,310.2,20.1841,26.4097,0.366,0.276,0.409,4.2,0.825,0.452,0.06,21.089,0.35,4.3
780,781,110.8362871,-73.4568771,2452.22,2339.534,0.776,671,0.03,0.083,30.3,7,7,23.4006,0.0617,8.0446,0.4701,1583.9907,92.5658,17.11,22.4773,0.0134,40.6392,0.5038,3707.6461,45.9618,80.67,22.0703,0.0105,35.479,0.3446,5393.3737,52.3834,102.96,21.8804,0.0118,56.939,0.6212,6424.6701,70.0922,91.66,21.7216,0.0168,63.6004,0.9904,7436.0308,115.7942,64.22,21.6235,0.0128,85.418,1.0159,8139.3757,96.8047,84.08,21.5454,0.0083,57.5945,0.442,8746.9827,67.1245,130.31,21.5537,26.8328,0.334,0.195,0.401,7.8,0.598,0.166,0.031,22.07,0.32,7.8
792,793,110.826452,-73.4549705,2620.257,2453.92,0.655,497,0.03,0.308,-30.9,6,7,99.0,26.7743,-0.5243,0.3598,-103.2346,70.8429,-1.46,22.1275,0.0071,56.0833,0.3666,5116.6647,33.448,152.97,21.1318,0.0044,84.2141,0.339,12801.8924,51.5371,248.4,20.7097,0.0045,167.3673,0.7026,18884.7773,79.2796,238.2,20.464,0.0058,202.5466,1.0862,23681.3497,126.9931,186.48,20.3303,0.0046,281.0983,1.195,26785.5049,113.873,235.22,20.2213,0.0031,194.9769,0.5579,29611.516,84.7297,349.48,20.2245,26.5799,4.227,4.166,4.299,7.1,1.0,4.257,0.56,21.132,4.17,6.9
797,798,110.8376015,-73.4561834,2429.76,2381.156,0.331,1183,0.03,0.082,72.0,7,7,23.868,0.1004,5.2306,0.5065,1029.9071,99.7288,10.33,21.518,0.0062,98.3231,0.5647,8970.3423,51.5205,174.11,20.5132,0.0037,148.8741,0.5021,22631.2478,76.3232,296.52,20.0674,0.0035,302.4248,0.9859,34123.886,111.2406,306.76,19.81,0.0048,369.94,1.6368,43252.6535,191.3763,226.01,19.6437,0.0035,529.0513,1.6914,50412.6283,161.1738,312.78,19.5141,0.0023,373.9963,0.7894,56799.5198,119.8892,473.77,19.5164,26.203,0.476,0.375,0.503,3.4,0.796,3.897,0.059,20.513,0.48,3.5
818,819,110.8361833,-73.4535303,2453.983,2540.34,0.251,16,0.21,0.09,-68.8,1,7,99.0,28.5185,-0.1193,0.0722,-23.4837,14.2108,-1.65,29.4759,0.8591,0.0645,0.0778,5.8837,7.0972,0.83,29.4286,1.0536,0.0404,0.0663,6.1458,10.0731,0.61,27.3108,0.2486,0.383,0.0985,43.2207,11.1186,3.89,27.2094,0.3643,0.4058,0.1618,47.4502,18.917,2.51,26.9459,0.2438,0.6347,0.1598,60.4841,15.2261,3.97,27.1135,0.1959,0.3413,0.0675,51.8344,10.2489,5.06,27.2608,28.4435,1.28,0.555,7.421,7.3,0.1,0.166,0.625,29.429,6.34,8.3
848,849,110.8229909,-73.4557271,2679.386,2408.519,0.674,38,0.0,0.134,36.7,2,7,26.2889,0.2085,0.5626,0.1191,110.7788,23.4528,4.72,26.2793,0.107,1.2249,0.1269,111.7561,11.5787,9.65,26.8032,0.2189,0.4538,0.1014,68.979,15.4085,4.48,26.5474,0.2037,0.7737,0.1596,87.3024,18.014,4.85,26.8935,0.4312,0.5429,0.2647,63.4725,30.9488,2.05,26.3065,0.222,1.1439,0.2596,108.9982,24.7323,4.41,26.0419,0.1244,0.9157,0.1111,139.0721,16.8768,8.24,26.1824,28.3318,1.885,1.201,2.918,10.6,0.195,0.38,0.702,26.803,1.41,11.0
849,850,110.8235308,-73.4558101,2670.16,2403.538,0.687,36,0.0,0.366,48.1,2,7,26.6653,0.2767,0.3978,0.1155,78.3213,22.7385,3.44,26.8892,0.1781,0.6985,0.1245,63.728,11.3628,5.61,27.2682,0.3071,0.2957,0.0967,44.9484,14.6927,3.06,26.6648,0.2229,0.6945,0.1582,78.3602,17.8533,4.39,26.8409,0.4054,0.5698,0.2579,66.6246,30.1586,2.21,26.2693,0.2134,1.1837,0.2571,112.7954,24.4964,4.6,26.4209,0.1665,0.6459,0.1071,98.0946,16.2583,6.03,26.5351,27.9272,1.357,0.728,2.853,10.4,0.169,0.323,0.54,27.268,1.36,10.7
850,851,110.8334861,-73.4535086,2500.072,2541.641,0.478,13,0.01,0.167,-39.6,0,7,99.0,28.3122,-0.1777,0.0873,-34.9902,17.1839,-2.04,30.2384,1.4267,0.0319,0.0869,2.9149,7.9317,0.37,27.9736,0.3411,0.1544,0.057,23.4715,8.6628,2.71,27.4059,0.2498,0.3509,0.0908,39.5953,10.2414,3.87,27.572,0.4431,0.2906,0.1465,33.9773,17.1243,1.98,27.3977,0.329,0.4187,0.1482,39.8964,14.1227,2.82,27.3068,0.2118,0.2856,0.0615,43.379,9.3442,4.64,27.5702,28.9736,0.819,0.356,5.902,7.2,0.096,0.029,0.327,27.974,5.19,9.0
856,857,110.8305514,-73.4562706,2550.211,2375.922,0.484,500,0.03,0.438,-82.6,6,7,25.565,0.3412,1.0959,0.4047,215.7804,79.6792,2.71,23.6807,0.0321,13.4143,0.4023,1223.8331,36.7036,33.34,22.8252,0.0199,17.7027,0.3275,2691.0973,49.7866,54.05,22.5073,0.0177,31.9623,0.5253,3606.4409,59.2743,60.84,22.3476,0.0254,35.7352,0.8465,4178.087,98.972,42.21,22.3156,0.0203,45.1575,0.854,4303.0034,81.3737,52.88,22.22,0.0127,30.9402,0.3651,4698.9473,55.4491,84.74,22.2329,27.0403,0.237,0.157,0.283,4.0,0.887,1.899,0.267,22.825,0.24,4.0
857,858,110.8307717,-73.456699,2546.445,2350.216,0.55,26,0.56,0.578,68.9,4,7,28.0021,0.7212,0.1161,0.1095,22.8644,21.5627,1.06,27.5839,0.2663,0.3684,0.1024,33.6082,9.3431,3.6,26.7616,0.1878,0.4715,0.089,71.6722,13.5329,5.3,26.1902,0.1214,1.0752,0.1272,121.3178,14.3509,8.45,26.3158,0.2175,0.9243,0.205,108.0652,23.9713,4.51,26.2492,0.1712,1.2058,0.2059,114.8955,19.6217,5.86,26.5052,0.1452,0.5976,0.0855,90.7612,12.9881,6.99,26.3269,28.5078,0.916,0.379,4.65,9.1,0.29,0.925,1.114,26.762,0.82,8.8
864,865,110.8342108,-73.4562001,2487.689,2380.157,0.317,14,0.67,0.314,-43.2,3,7,99.0,28.4685,-0.1801,0.0756,-35.4568,14.8806,-2.38,27.4355,0.1928,0.4223,0.0821,38.5287,7.4865,5.15,27.2697,0.1854,0.2953,0.055,44.8852,8.3562,5.37,27.2013,0.2133,0.4237,0.092,47.8058,10.3796,4.61,27.0331,0.2895,0.4774,0.1458,55.8141,17.0518,3.27,27.0828,0.2533,0.5595,0.147,53.3175,14.0117,3.81,27.1116,0.1785,0.3419,0.0611,51.9237,9.2795,5.6,27.3253,28.9812,0.33,0.134,4.19,9.2,0.096,0.079,0.448,27.27,3.71,9.6
877,878,110.8243719,-73.4566405,2655.782,2353.72,0.911,35,0.0,0.229,-26.9,1,7,99.0,27.9519,-0.2154,0.1216,-42.4223,23.9454,-1.77,27.0653,0.2081,0.5939,0.1254,54.1828,11.4445,4.73,27.2908,0.3158,0.2896,0.0977,44.0248,14.8595,2.96,26.526,0.1987,0.7891,0.1585,89.0417,17.8855,4.98,26.2408,0.254,0.9904,0.261,115.7937,30.5204,3.79,26.6108,0.2819,0.8642,0.2562,82.3501,24.415,3.37,26.0492,0.1225,0.9096,0.1086,138.1365,16.4958,8.37,26.1873,28.3566,1.382,0.263,3.815,8.9,0.101,0.824,1.317,27.291,3.3,8.0
878,879,110.8230254,-73.4565387,2678.787,2359.822,0.69,37,0.0,0.475,87.7,4,7,28.1632,0.8396,0.1001,0.1168,19.7119,23.0038,0.86,26.5443,0.1333,0.9597,0.1254,87.5567,11.4365,7.66,26.3454,0.1501,0.6918,0.1026,105.1583,15.5911,6.74,26.3306,0.1704,0.9447,0.1605,106.5967,18.1152,5.88,26.3357,0.2745,0.9075,0.261,106.0973,30.5195,3.48,26.3067,0.2212,1.1437,0.2585,108.9779,24.6301,4.42,25.9196,0.1111,1.0249,0.1105,155.6491,16.7751,9.28,26.0434,28.3383,3.299,0.152,3.79,9.3,0.343,0.142,0.181,26.345,3.33,9.3
879,880,110.8232027,-73.4566822,2675.758,2351.211,0.745,86,0.0,0.147,70.3,6,7,26.6187,0.3857,0.4152,0.1771,81.7556,34.8684,2.34,26.2087,0.1467,1.3072,0.1892,119.2637,17.2582,6.91,25.7809,0.1288,1.1635,0.1465,176.8713,22.2716,7.94,25.1975,0.0946,2.6826,0.2442,302.6932,27.5561,10.98,25.349,0.1764,2.2517,0.3972,263.2634,46.4445,5.67,25.0762,0.1148,3.5521,0.3962,338.4719,37.7576,8.96,25.0259,0.0749,2.3344,0.1666,354.523,25.3064,14.01,25.1063,27.8919,1.152,0.237,1.5,9.0,0.31,0.228,0.247,25.781,1.16,9.0
881,882,110.8329136,-73.4572339,2509.852,2318.124,0.773,74,0.08,0.632,-72.3,6,7,26.012,0.1999,0.726,0.1467,142.9542,28.8911,4.95,25.5562,0.0684,2.3844,0.1551,217.5349,14.1507,15.37,24.7292,0.0365,3.0651,0.1047,465.9373,15.9209,29.27,24.4771,0.0392,5.2084,0.1914,587.6836,21.5997,27.21,24.4041,0.0586,5.3764,0.2983,628.5977,34.8817,18.02,24.2272,0.0429,7.7639,0.3132,739.8125,29.8444,24.79,24.1437,0.0277,5.2606,0.1361,798.9343,20.6659,38.66,24.1722,28.1119,0.628,0.487,0.91,7.8,0.392,0.542,0.15,24.729,0.74,8.0
903,904,110.8451232,-73.4570614,2301.263,2328.455,0.689,68,0.0,0.449,72.7,6,7,28.1564,0.9915,0.1007,0.1503,19.8363,29.6002,0.67,25.7732,0.0872,1.9523,0.1632,178.1173,14.8934,11.96,25.5712,0.1031,1.4114,0.1406,214.5511,21.3771,10.04,25.4219,0.0972,2.1817,0.2044,246.1692,23.0654,10.67,25.4179,0.1601,2.1134,0.3358,247.0904,39.266,6.29,25.4703,0.1386,2.4707,0.3363,235.4327,32.0475,7.35,25.2625,0.0773,1.8772,0.1386,285.0937,21.05,13.54,25.3458,28.0919,3.512,0.208,3.978,9.4,0.484,0.281,0.301,25.571,3.52,9.4
908,909,110.8222816,-73.4563775,2691.497,2369.494,0.403,41,0.36,0.288,-13.4,4,7,28.0916,0.752,0.1069,0.1068,21.0545,21.0316,1.0,26.7448,0.1459,0.7979,0.1148,72.7933,10.4723,6.95,26.3847,0.1376,0.6671,0.0902,101.4147,13.7075,7.4,25.8961,0.1121,1.4097,0.1533,159.0651,17.2967,9.2,26.2761,0.2471,0.9587,0.245,112.0835,28.6492,3.91,26.3979,0.2262,1.0515,0.2435,100.1934,23.2065,4.32,25.9024,0.1034,1.0412,0.104,158.1333,15.8018,10.01,26.0167,28.4032,0.56,0.169,3.98,8.8,0.25,1.207,1.482,26.385,0.55,8.9
911,912,110.8320416,-73.4565183,2524.749,2361.061,0.472,213,0.04,0.06,4.5,6,7,25.6245,0.2556,1.0374,0.2754,204.2747,54.221,3.77,25.2328,0.0935,3.2117,0.2888,293.0127,26.3501,11.12,24.0673,0.037,5.6386,0.1956,857.1564,29.7316,28.83,23.6424,0.0317,11.2356,0.3334,1267.7573,37.6179,33.7,23.528,0.0472,12.0481,0.535,1408.6413,62.5508,22.52,23.3419,0.0334,17.5468,0.5483,1672.0145,52.2435,32.0,23.2287,0.0208,12.2187,0.2362,1855.6769,35.8704,51.73,23.2499,27.5132,0.82,0.572,0.967,7.0,0.506,1.259,0.411,24.067,0.86,7.2
913,914,110.8237726,-73.457468,2666.013,2304.063,0.923,58,0.0,0.404,-65.7,7,7,25.6423,0.1965,1.0205,0.2024,200.9442,39.8614,5.04,25.3787,0.0805,2.8079,0.2161,256.1714,19.7142,12.99,25.2742,0.0948,1.8553,0.1692,282.0342,25.7229,10.96,25.3805,0.1222,2.2665,0.27,255.742,30.4677,8.39,25.1359,0.1651,2.7402,0.4501,320.3759,52.6239,6.09,24.9498,0.1146,3.9905,0.4442,380.2532,42.3303,8.98,24.8912,0.0739,2.6427,0.1862,401.3467,28.2731,14.2,24.9705,27.7716,2.601,0.202,3.149,9.7,0.424,0.17,0.152,25.274,2.69,9.7
922,923,110.8326866,-73.4569116,2513.73,2337.464,0.323,1352,0.08,0.187,66.1,7,7,23.4653,0.0932,7.5795,0.6794,1492.4288,133.7814,11.16,21.6147,0.0087,89.9436,0.7277,8205.853,66.3936,123.59,20.664,0.0043,129.5756,0.5131,19697.5721,78.0046,252.52,20.1926,0.0041,269.4773,1.0304,30406.2859,116.2608,261.54,19.9464,0.0056,326.248,1.7017,38144.2705,198.9593,191.72,19.7849,0.0041,464.5134,1.7635,44262.895,168.0375,263.41,19.6517,0.0026,329.4862,0.8026,50039.6947,121.8895,410.53,19.6544,26.1851,0.407,0.328,0.453,4.3,0.884,0.349,0.057,20.664,0.4,4.4
